index,Product,Prix,Nombre_avis,Note
0,Caméscope 4K Caméra Vidéo,169.99,928,4.2
1,Sony ZV-1 | Kit Appareil ,858.80,1090,4.5
2,Acoletty Appareil Photo N,129.99,67,3.8
3,Sony ZV-1 | Appareil Vlog,699.90,1090,4.5
4,NBD Vlogging Camera Appar,199.00,11,4.0
5,NBD Appareil Photo numéri,199.00,1,5.0
6,Sony Alpha ZV-E10 | Appar,779.00,315,4.6
7,ORDRO EP6 Plus Caméscope ,149.99,7,3.2
8,Caméscope 4K Caméra Vidéo,99.99,205,3.7
9,KANDAO QooCam 8K Enterpri,1 999.00,3,3.0
10,Caméra Vidéo 2.7K Camésco,149.99,820,3.6
11,DJI Pocket 2 - Caméra 4K ,340.95,3351,4.6
12,ORDRO 4K Caméscope Caméra,319.99,0,0.0
13,PNJ – CAMÉRA 4K Pocket - ,149.90,41,3.4
14,"10"" LED Ring Light avec E",33.99,493,4.1
15,Caméscope Caméra Vidéo 10,82.99,232,4.1
16,Sony RX100 III | Appareil,529.00,1066,4.5
17,Panasonic Lumix S5K | App,2 349.00,200,4.6
18,Appareil Photo Numérique ,101.99,25,3.9
19,Caméscope ORDRO EP8 4k 60,369.99,6,5.0
20,Panasonic Lumix GH5S | Ap,1 599.00,99,4.8
21,AKASO Caméra Sport 4K 30f,189.99,1505,4.2
22,Caméra numérique Vlogging,103.98,0,0.0
23,Caméra vidéo Caméscope 4K,167.99,136,3.6
24,AKASO Caméra Sport 4K 30f,189.99,1505,4.2
25,Caméra numérique Vlogging,103.98,0,0.0
26,Caméra vidéo Caméscope 4K,167.99,136,3.6
27,Caméscope ORDRO 4K Caméra,403.80,21,3.2
28,"Caméscope 4K, caméra vidé",259.99,84,3.7
29,Panasonic Lumix S5K | App,1 949.00,200,4.6
30,Caméra vidéo 4K ORDRO WiF,309.99,56,4.1
31,Caméscope ORDRO EP7 4K FP,259.99,46,3.5
32,T osuny Appareil Photo Nu,178.69,2,5.0
33,OMBAR Kit vidéo pour Smar,9.99,0,0.0
34,ORDRO Caméra vidéo 4K AX6,329.99,0,0.0
35,"Téléprompteur 13 Pouces, ",202.99,266,4.3
36,ORDRO AE7 2.7K Caméscope ,139.99,31,4.0
37,Sony Alpha ZV-E10 | Appar,937.90,9,4.9
38,WOLFANG Caméra Sport 4K 6,129.99,353,4.2
39,"Trepied Smartphone, ULANZ",26.99,305,4.2
40,Feelworld F5 5 Pouces sur,179.99,91,4.1
41,Sony Camera Flip Selfie M,35.99,35,4.4
42,"4K Caméscope, Caméra Vidé",169.99,6,5.0
43,Insta360 GO 2 - Petite ca,319.99,2138,4.2
44,AKASO Caméra Sport 4K 30f,159.99,5217,4.2
45,Feiyu Pocket-2 Mini Camér,379.00,69,3.8
46,RØDE VideoMicro - Microph,58.00,24733,4.5
47,FULAIM 1000 Pro Micro Cra,268.99,8,4.8
48,Caméra Sport 4K 20MP WiFi,58.99,145,3.9
49,Smartphone Tripod Extensi,23.99,53,4.2
50,Sony Alpha ZV-E10 | Appar,798.89,7,4.8
51,"ZORNIK 2.7K Caméscope,IR ",104.99,560,4.0
52,GoPro HERO9 - Caméra spor,349.00,3315,4.5
53,EVTSCAN Caméscope de camé,48.99,8,2.5
54,ULANZI U-Vlog Lite Trépie,29.99,401,4.5
55,Sony GP-VPT2BT trépied Ca,136.99,936,4.4
56,ORDRO Caméra Portable EP8,369.99,41,4.1
57,NBD Appareil Photo numéri,149.00,1,5.0
58,Appareil Photo numérique ,136.99,1,1.0
59,Micro Lavalier sans Fil 2,499.00,75,4.5
60,4K Vlog 50MP Appareil Pho,53.99,15,3.3
61,Sony ZV-1F | Appareil Vlo,649.00,0,0.0
62,Sony RX0 II Kit Vlog | Ap,729.00,65,4.2
63,Caméscope Caméra Vidéo FH,82.99,385,4.0
64,CANON Compact PowerShot G,735.89,115,4.3
65,NBD Appareil Photo numéri,189.00,4,3.7
66,4K Caméscope Caméra vidéo,179.99,484,3.5
67,DJI OM 4 SE - Nacelle sta,95.99,5416,4.5
68,COMICA CVM-VM10II Microph,39.00,1301,4.3
69,Blackmagic Design Pocket ,1 479.00,600,4.7
70,Fantaseal Telescopique Su,19.99,2,5.0
71,SMALLRIG R10 Cage avec Tr,114.90,1,3.0
72,Appareils Photo numérique,299.00,1,1.0
73,DJI Pocket 2 Creator Comb,490.07,3351,4.6
74,"Trepied Smartphone, Lammc",27.99,4729,4.6
75,Sony RX100 III Creator Ki,657.29,61,4.3
76,Insta360 GO 2 64GB - Peti,349.99,2138,4.2
77,Apexcam Caméra Sport 4k 3,69.99,10276,4.2
78,Neewer Support de Poignée,30.99,49,4.7
79,"RGB LED Lumière Caméra,VI",29.95,1052,4.4
80,PICTRON MT-08 Mini trépie,26.99,119,4.0
81,Appareil Photo numérique ,199.00,46,3.2
82,Insta360 Go 2 Caméra d'ac,377.37,100,4.1
83,PICTRON Go-Quick II Suppo,21.99,48,4.3
84,ORDRO Caméra Portable EP8,369.99,41,4.1
85,Caméscope 4K HD Caméra Vi,179.99,701,3.5
86,Appareil Photo Numérique ,189.90,1,5.0
87,HAFOKO MT-08 Mini Trépied,20.99,330,4.2
88,FULAIM 1000 Micro Cravate,188.99,8,4.8
89,"Lampe de caméra, Lampe vi",23.90,11,4.1
90,Kit de montage pour télép,9.99,19,3.3
91,Panasonic Lumix G100 | Ap,649.00,26,4.1
92,Zhiyun WEEBILL S Stabilis,349.00,394,4.3
93,Support de téléphone Inte,41.98,264,4.3
94,Caméscope 1080P Caméra Vi,82.99,155,4.2
95,"ZORNIK Caméscope,IR Visio",82.99,560,4.0
96,Panasonic Lumix G100 | Ap,649.00,26,4.1
97,Zhiyun WEEBILL S Stabilis,349.00,394,4.3
98,Caméscope 1080P Caméra Vi,82.99,155,4.2
99,"ZORNIK Caméscope,IR Visio",82.99,560,4.0
100,DJI Pocket 2 Stabilisateu,0.0,1315,4.4
101,Support de téléphone Inte,41.98,264,4.3
102,"ULANZI Lumière LED, VL49 ",25.95,4705,4.6
103,Caméra HD 1080P caméscope,46.38,4,3.6
104,AFAITH Support Tour de Co,31.99,20,4.2
105,DJI Osmo Pocket - Stabili,364.92,2466,4.5
106,Neewer Support de Poignée,30.99,49,4.7
107,HAFOKO OSMO Pocket 1 Supp,17.99,67,4.4
108,Anneau Lumineux LED 19 Po,113.99,445,4.6
109,DJI – Trépied à main OM 4,218.90,452,4.6
110,DJI Action 2 Dual-Screen ,359.90,715,3.9
111,USHINING Support de Télép,41.99,83,4.2
112,Hohem iSteady V2 AI Stabi,149.00,133,4.0
113,Appareil Photo numérique ,54.85,435,3.5
114,YAOSHIGUI Caméra de camés,0.0,0,0.0
115,Dpofirs Caméscope 4K Camé,139.85,0,0.0
116,Deity V-Mic D4 Mini - Mic,55.00,1,3.0
117,Insta360 GO 2 64GB - Peti,349.99,2138,4.2
118,YZLP Go Pro Caméra vidéo ,298.66,0,0.0
119,Appareil Photo numérique ,189.00,38,3.3
